servidor,base
desenvolvimento,EducacaoAguasLindasdeGoias
desenvolvimento,EducacaoAguasLindasDeGoiasPreProd
desenvolvimento,EducacaoAguasLindasDeGoiasSup
desenvolvimento,EducacaoAuditoriaSantoAntoniodoDescoberto
desenvolvimento,EducacaoComercialPreProd
desenvolvimento,EducacaoCotia
desenvolvimento,EducacaoCotiaPreProd
desenvolvimento,EducacaoCotiaSup
desenvolvimento,EducacaoGuaruja
desenvolvimento,EducacaoGuarujaPreProd
desenvolvimento,EducacaoGuarujaSup
desenvolvimento,EducacaoGuarulhos
desenvolvimento,EducacaoGuarulhosPreProd
desenvolvimento,EducacaoGuarulhosSup
desenvolvimento,EducacaoManaus
desenvolvimento,EducacaoManausPreProd
desenvolvimento,EducacaoManausSup
desenvolvimento,EducacaoPaulinia
desenvolvimento,EducacaoPauliniaPreProd
desenvolvimento,EducacaoPauliniaSup
desenvolvimento,EducacaoRibeiraodasNeves
desenvolvimento,EducacaoRibeiraodasNevesPreProd
desenvolvimento,EducacaoRibeiraoDasNevesSup
desenvolvimento,EducacaoSantoAntoniodoDescoberto
desenvolvimento,EducacaoSantoAntonioDoDescobertoPreProd
desenvolvimento,EducacaoSantoAntonioDoDescobertoSup
desenvolvimento,EducacaoSantos
desenvolvimento,EducacaoSantosPreProd
desenvolvimento,EducacaoSantosSup
desenvolvimento,EducacaoSCS
desenvolvimento,EducacaoSCSPreProd
desenvolvimento,EducacaoSCSSup
desenvolvimento,EducacaoSorocaba
desenvolvimento,EducacaoSorocabaPreProd
desenvolvimento,EducacaoSorocabaSup
homologacao,EducacaoAguasLindasDeGoiasHomolog
homologacao,EducacaoCotiaHomolog
homologacao,EducacaoGuarujaHomolog
homologacao,EducacaoGuarulhosHomolog
homologacao,EducacaoManausHomolog
homologacao,EducacaoPauliniaHomolog
homologacao,EducacaoRibeiraoDasNevesHomolog
homologacao,EducacaoSantoAntonioDoDescobertoHomolog
homologacao,EducacaoSantosHomolog
homologacao,EducacaoSCSHomolog
homologacao,EducacaoSorocabaHomolog
producao,EducacaoAguasLindasDeGoias
producao,EducacaoAracaju
producao,EducacaoCampinas
producao,EducacaoCampinasTeste
producao,EducacaoCG
producao,EducacaoComercial
producao,EducacaoCotia
producao,EducacaoGoiania
producao,EducacaoGuaruja
producao,EducacaoGuarulhos
producao,EducacaoManaus
producao,EducacaoModelo
producao,EducacaoPaulinia
producao,EducacaoRibeiraodasNeves
producao,EducacaoSantoAntonioDoDescoberto
producao,EducacaoSantos
producao,EducacaoSCS
